NU_INSCRICAO;NU_ANO;TP_FAIXA_ETARIA;TP_SEXO;TP_ESTADO_CIVIL;TP_COR_RACA;TP_NACIONALIDADE;TP_ST_CONCLUSAO;TP_ANO_CONCLUIU;TP_ESCOLA;TP_ENSINO;IN_TREINEIRO;CO_MUNICIPIO_ESC;NO_MUNICIPIO_ESC;CO_UF_ESC;SG_UF_ESC;TP_DEPENDENCIA_ADM_ESC;TP_LOCALIZACAO_ESC;TP_SIT_FUNC_ESC;CO_MUNICIPIO_PROVA;NO_MUNICIPIO_PROVA;CO_UF_PROVA;SG_UF_PROVA;TP_PRESENCA_CN;TP_PRESENCA_CH;TP_PRESENCA_LC;TP_PRESENCA_MT;CO_PROVA_CN;CO_PROVA_CH;CO_PROVA_LC;CO_PROVA_MT;NU_NOTA_CN;NU_NOTA_CH;NU_NOTA_LC;NU_NOTA_MT;TX_RESPOSTAS_CN;TX_RESPOSTAS_CH;TX_RESPOSTAS_LC;TX_RESPOSTAS_MT;TP_LINGUA;TX_GABARITO_CN;TX_GABARITO_CH;TX_GABARITO_LC;TX_GABARITO_MT;TP_STATUS_REDACAO;NU_NOTA_COMP1;NU_NOTA_COMP2;NU_NOTA_COMP3;NU_NOTA_COMP4;NU_NOTA_COMP5;NU_NOTA_REDACAO;Q001;Q002;Q003;Q004;Q005;Q006;Q007;Q008;Q009;Q010;Q011;Q012;Q013;Q014;Q015;Q016;Q017;Q018;Q019;Q020;Q021;Q022;Q023;Q024;Q025
210059085136;2023;14;M;2;1;1;1;17;1;;0;;;;;;;;5300108;Bras�lia;53;DF;0;0;0;0;;;;;;;;;;;;;0;;;;;;;;;;;;A;F;E;D;5;F;C;C;D;C;D;C;B;B;D;C;C;B;B;A;B;B;A;A;B
210059527735;2023;12;M;2;1;0;1;16;1;;0;;;;;;;;5300108;Bras�lia;53;DF;0;0;0;0;;;;;;;;;;;;;0;;;;;;;;;;;;F;E;E;B;3;H;A;B;C;C;A;B;B;B;A;B;A;B;B;A;A;C;A;D;B
210061103945;2023;6;F;1;1;1;1;0;1;;0;;;;;;;;4305108;Caxias do Sul;43;RS;1;1;1;1;1221;1193;1204;1211;502;498.9;475.6;363.2;DBEBDCECCBCEBBBBDBABDDBBAABCBACDBACECCBAADEBB;ABDEADAADCDABDCADAEABCDDCBAADCCBEBCEBEBDBEAED;ACEBDCABAACAEBAECEBBBAAECBBDEADCAECCCEDDABEED;CEAEACCCDABCDAACEDDBAAEBABDDEEBDAECABDBCBCADE;1;DBEABDABDCACDBECDDDBCAAABBACCCADEBECCCEDAEEED;ACEEABAADCDAADEABCDABCDCABCBDADEBAECABADBCDAE;DBABBAEBAAAACDACDEDAACADBADBCCEACCCEAAECBBEBCACEED;BCCDEEABCBEDCEABBEBDABDDADDADECAADDCCBEBEABCC;1;140;200;100;120;140;700;H;E;C;F;5;C;A;B;D;B;A;B;A;B;A;B;A;A;B;A;A;A;A;A;B
210060214087;2023;2;F;1;3;1;2;0;2;1;0;2304400;Fortaleza;23;CE;2;1;1;2304400;Fortaleza;23;CE;1;1;1;1;1224;1192;1202;1214;459;508.5;507.2;466.7;DEEBEACCCEBDDBDCCCAEEDCBAAADBCBEEEDCDAAECBEEC;DDAAEEBCCDEADBCDDCBAECABEBDEBDABECECEDCDDAEED;ADBDADAEEEACAABBACADCAEBBAAEBBCDEBBDDADDCADAA;EECBAEDEEDDDBBAADEECDBBBECEAACEAEECDBEDDBCDCB;0;CDDDABBABDBEABDECCEEEDCEDAEBABDCCAACCCADACDBE;DBAADEADCDCABABCDDEBAEABAECABAACECDAECBDAABCD;BBBDAABAEACCEEEDEACBCACAACAACAAAECBBEDBCCADBDEDDAC;EBDADDAEBEACBEDCECCBEABCADEBCCBCCDEBDDAABBADD;1;140;200;160;180;200;880;D;D;B;B;5;C;A;B;B;A;A;B;A;A;A;A;A;A;B;A;A;D;A;A;B
210059980948;2023;3;F;1;3;1;2;0;2;1;0;2311306;Quixad�;23;CE;2;1;1;2311306;Quixad�;23;CE;1;1;1;1;1222;1191;1201;1212;402.5;379.2;446.9;338.3;AECCEAACDEABEEECDBAEEAAADDEABCBCEBACEEDCBEABD;CADEBCEDDEBCBAEBADDCECACADBDEBABDBDBEEDBBEADC;AABBACBCAEDABDADEDAACCAEEEECAACDCADBAEACDEAAE;CDBABEDCEEBBBDECDEBACCAABDEDCBECDECABBDBDEECC;0;CAAADCCCCDDDABDCACDBEEEDCEDAEECCDBEABDBABBAEB;CDAEECABAACEAADECBDAABCDCABADCDEABAABCDDEBADB;BBDABAAEBADACEEDCCDBADBDEDCCEBCACEACAACAACACBBEAAE;DCECACCBDECBEEABEABDDAADDABBBCCBCCDDAEBDADEEB;1;120;120;120;120;80;560;B;B;A;A;4;B;A;B;A;A;A;B;A;A;A;A;A;A;B;A;A;B;A;A;A
210058061539;2023;6;F;1;3;1;1;0;1;;0;;;;;;;;2913606;Ilh�us;29;BA;0;0;0;0;;;;;;;;;;;;;1;;;;;;;;;;;;E;E;D;B;3;C;A;B;B;A;A;B;A;B;A;B;A;A;B;A;A;C;A;A;B
210059855122;2023;11;F;1;3;1;1;12;1;;0;;;;;;;;2611101;Petrolina;26;PE;0;0;0;0;;;;;;;;;;;;;0;;;;;;;;;;;;C;C;B;A;1;C;A;B;B;A;A;B;A;A;A;B;A;A;B;A;B;B;A;A;B
210058387333;2023;11;M;1;3;1;1;12;1;;0;;;;;;;;3127701;Governador Valadares;31;MG;0;0;0;0;;;;;;;;;;;;;0;;;;;;;;;;;;B;B;B;B;1;A;A;B;C;A;A;B;A;B;A;B;A;A;A;A;A;B;A;B;B
210059085137;2023;5;F;1;2;1;1;1;1;;0;;;;;;;;2927408;Salvador;29;BA;0;0;0;0;;;;;;;;;;;;;0;;;;;;;;;;;;E;E;C;B;2;C;A;B;C;A;A;B;A;B;A;B;A;A;B;A;A;C;A;A;B
210060801601;2023;11;M;1;1;1;1;8;1;;0;;;;;;;;3505906;Batatais;35;SP;1;1;1;1;1223;1194;1203;1213;564.7;630.3;610.4;680.2;CBAACDDEDEDEBCDDBACEACECECCEBBDCBEAEABCDBEADB;ABCDCBCACDBEACEBAABADAEBAADCBADBCDCEBADCDAADE;BDBBADAEDBEEACCAAADEACBBACCAEDCDAEEEBAEEDACCE;EBDDECEADDEBCCCCEACDDDCBDBDEAEABABDDCCBDCDACD;0;CEDAEEDEECCEBADCCCABBABCAACDDDACDBEABDCDBEABD;ABCDCBDACDAEACEECABADBEABADEBAABCDCABADCDAADE;BDBBABAAAEAAECBBEAACAAACEACBCACCCEDEDADBDBEEDDACCC;EBDEEBDADDABCCBCCABBADDBDDAEAEABCBEDECADCECCB;1;120;120;120;120;120;600;H;E;F;D;2;F;A;B;C;B;B;B;B;B;A;B;A;B;C;B;A;C;A;B;B
210059085130;2023;8;M;1;3;1;1;5;1;;0;;;;;;;;2408102;Natal;24;RN;1;1;1;1;1221;1193;1204;1211;644.9;620.2;626.9;736.3;DBEEBDBBACDCABADCDAACECDBBDECDADBBECDCDDCEAAD;ACEEADAABCBAABEDBCDAECDCDBCBDAEEBDECAADDDCDDE;DBABCCABDECDCDAACADBBDBCBBACCCEEAECBBEBBACAED;BCDDCEEBCDBDAECBAEDDABDDEEDBDECADDACCEECEAACC;0;DBEABDABDCACDBECDDDBCAAABBACCCADEBECCCEDAEEED;ACEEABAADCDAADEABCDABCDCABCBDADEBAECABADBCDAE;DBABBAEBAAAACDACDEDAACADBADBCCEACCCEAAECBBEBCACEED;BCCDEEABCBEDCEABBEBDABDDADDADECAADDCCBEBEABCC;1;140;200;160;160;200;860;F;C;D;B;4;B;A;C;C;A;A;B;A;B;A;B;A;B;B;A;A;E;A;B;B
210060801595;2023;3;M;1;3;4;2;0;2;1;0;4128005;Ubirat�;41;PR;2;1;1;4128005;Ubirat�;41;PR;1;1;1;1;1224;1192;1202;1214;608.2;667.6;607.9;691.9;CDDCAEACCDBECDDEEDCBACCCDDBBACCB.EACCBABDEEDE;DBAADEADBDCCBDBCEDEBBCADAEDABCACECDAECBAAABCA;BBBDACBEEEDBACEBECABCACCAAABCBBEBCCEDDBACDDAC;EBDBCDAEBEBACDBDEBABEEBCBDECCCCDCDCBEEDAABBDD;0;CDDDABBABDBEABDECCEEEDCEDAEBABDCCAACCCADACDBE;DBAADEADCDCABABCDDEBAEABAECABAACECDAECBDAABCD;BBBDAABAEACCEEEDEACBCACAACAACAAAECBBEDBCCADBDEDDAC;EBDADDAEBEACBEDCECCBEABCADEBCCBCCDEBDDAABBADD;1;140;180;120;160;180;780;D;E;A;B;5;D;A;B;B;B;A;B;A;B;A;A;A;A;B;A;A;B;A;B;B
210059527729;2023;6;M;1;3;1;2;0;2;1;0;2910800;Feira de Santana;29;BA;2;1;1;2910800;Feira de Santana;29;BA;0;0;0;0;;;;;;;;;;;;;0;;;;;;;;;;;;B;B;B;B;3;B;A;B;C;A;A;B;A;B;A;A;A;A;B;A;A;D;A;B;B
210060214081;2023;3;F;1;1;1;1;1;1;;0;;;;;;;;3550308;S�o Paulo;35;SP;1;1;1;1;1223;1194;1203;1213;626.5;604.9;614.3;548.8;CBDAAAECECCEBACDCAEABDBCAECDDACADEAECACDBEBBC;ABCCCBBACDADACEBAADADAEEBBBEBCEBCDCCDBDCDAAAE;DDBBADAEBBBEAACAABBAACBBABCBEDEAADBDBEBDDACBC;EBDDEAAABDDCBCECBDAEBADDBBCAACBCDCABDCABDDBEE;0;CEDAEEDEECCEBADCCCABBABCAACDDDACDBEABDCDBEABD;ABCDCBDACDAEACEECABADBEABADEBAABCDCABADCDAADE;BDBBABAAAEAAECBBEAACAAACEACBCACCCEDEDADBDBEEDDACCC;EBDEEBDADDABCCBCCABBADDBDDAEAEABCBEDECADCECCB;1;140;200;160;180;120;800;E;E;B;B;3;C;A;B;C;B;A;B;B;B;A;B;A;A;B;A;A;C;A;B;B
210059388087;2023;11;F;1;2;1;1;7;1;;0;;;;;;;;2611606;Recife;26;PE;1;1;1;1;1221;1193;1204;1211;547.2;623.3;593.7;404.6;DBEEBDBDCBACDEBCEBBBCEBEAABCCDBEBACBDCADBCAAB;ACEBAAECDCDAADEABCAABCCCCBCBDDDEBAACAEEDACEAE;AEBABAADDECDEAAECADDBDCCCBACCDEDADBBBEBAACAEB;DCAABBACADCECBEADCEECCDACCBDEBEDEBAECAEBDEECA;1;DBEABDABDCACDBECDDDBCAAABBACCCADEBECCCEDAEEED;ACEEABAADCDAADEABCDABCDCABCBDADEBAECABADBCDAE;DBABBAEBAAAACDACDEDAACADBADBCCEACCCEAAECBBEBCACEED;BCCDEEABCBEDCEABBEBDABDDADDADECAADDCCBEBEABCC;1;120;120;100;100;120;560;H;A;F;A;3;B;A;B;C;A;A;B;A;A;A;A;A;A;B;A;A;C;A;A;B
210059980942;2023;7;F;1;3;1;1;4;1;;0;;;;;;;;2402303;Cara�bas;24;RN;1;1;1;1;1223;1194;1203;1213;510.8;313.4;388.5;415.6;BBDACABCDECBAECDDEABBBCDECEEDACBADEBDACCBEABC;ECDACBCCBAECBCABDDBBEABCDCABABDABCABBCADCBEAA;CBCADEAEBCBBEEECCCCDDDABEBCEDAAADCBDECECCBEBC;EDDCDDBACBDCDBCDBCCEDACBCDEBDCCDECACCDBBEDDAC;1;CEDAEEDEECCEBADCCCABBABCAACDDDACDBEABDCDBEABD;ABCDCBDACDAEACEECABADBEABADEBAABCDCABADCDAADE;BDBBABAAAEAAECBBEAACAAACEACBCACCCEDEDADBDBEEDDACCC;EBDEEBDADDABCCBCCABBADDBDDAEAEABCBEDECADCECCB;1;120;120;100;120;100;560;B;B;A;A;5;A;A;B;C;B;B;B;A;A;A;A;A;A;B;A;A;D;A;B;B
210058061534;2023;4;F;1;1;1;2;0;2;1;0;1501402;Bel�m;15;PA;2;1;1;1501402;Bel�m;15;PA;1;1;1;1;1222;1191;1201;1212;515.7;553.1;544.4;437;CDBAEEACEDCBCCCECEBEECADCBAADCEBDBEBEBBDCADBE;CDBDBEEDAACBBEDECADDABCDCDBAECBAEAACBEDDEBEDA;BDDABCACEEDCBEBBECDCDCAEBEEDBACBBEBEDBCBBBCAE;ECDBBBCCEDDBDEADCBEDBECCAEBBAEBBEABEDDDAADBEE;0;CAAADCCCCDDDABDCACDBEEEDCEDAEECCDBEABDBABBAEB;CDAEECABAACEAADECBDAABCDCABADCDEABAABCDDEBADB;BBDABAAEBADACEEDCCDBADBDEDCCEBCACEACAACAACACBBEAAE;DCECACCBDECBEEABEABDDAADDABBBCCBCCDDAEBDADEEB;1;160;180;160;180;200;880;E;E;C;B;4;B;A;B;C;A;A;B;A;A;A;A;A;A;B;A;A;D;B;A;B
210059855117;2023;11;F;1;1;1;1;10;1;;0;;;;;;;;2109452;Raposa;21;MA;1;1;1;1;1222;1191;1201;1212;435.3;515;452.8;448.2;DEDAACCEEECCBBCAACCDEEABCEECBEECEBDEEBEBCCBBE;ACCAECBEADAEAADECACBAEDACCBADCDEBABCDCCEDAEDA;ABEBCDBEAEDBEEDBAEABACBEEDEBAECCBEEEEAAEBAEAE;DAAEEBBBCABCEEDCAECBCCDCCDABCCCCDCCBBEECADBCA;1;CAAADCCCCDDDABDCACDBEEEDCEDAEECCDBEABDBABBAEB;CDAEECABAACEAADECBDAABCDCABADCDEABAABCDDEBADB;BBDABAAEBADACEEDCCDBADBDEDCCEBCACEACAACAACACBBEAAE;DCECACCBDECBEEABEABDDAADDABBBCCBCCDDAEBDADEEB;1;120;120;120;120;0;480;B;B;B;A;3;B;A;B;B;A;A;B;A;A;A;B;A;A;B;A;A;B;A;A;A
210058387328;2023;11;M;1;1;1;1;8;1;;0;;;;;;;;4113700;Londrina;41;PR;1;1;1;1;1222;1191;1201;1212;571.3;574.7;613.3;719.7;CEDBEEDCCBBDCAAADBBEEDECCADDEDCDDAECCDAAECBBB;BDADBCABDACEAADECBEAABDDDADADBAAADDABECCDBDDA;BBAABCECAEDBCDBADBDEACCEBDECBACACDAACABBBECAE;DDECEACCCEADEEDBEABBDDBDAABDCCCACCADBECEADEEB;0;CAAADCCCCDDDABDCACDBEEEDCEDAEECCDBEABDBABBAEB;CDAEECABAACEAADECBDAABCDCABADCDEABAABCDDEBADB;BBDABAAEBADACEEDCCDBADBDEDCCEBCACEACAACAACACBBEAAE;DCECACCBDECBEEABEABDDAADDABBBCCBCCDDAEBDADEEB;1;120;120;120;120;80;560;G;B;D;B;2;D;A;B;C;A;A;B;B;B;A;B;A;A;B;A;A;C;A;C;B
210059085131;2023;11;M;1;1;1;1;10;1;;0;;;;;;;;3162500;S�o Jo�o del Rei;31;MG;0;0;0;0;;;;;;;;;;;;;0;;;;;;;;;;;;H;H;B;B;3;D;A;C;D;B;B;B;A;B;A;B;A;A;C;A;A;D;A;B;B
210060801596;2023;12;F;1;2;1;1;14;1;;0;;;;;;;;2611606;Recife;26;PE;1;1;1;1;1221;1193;1204;1211;403.4;632.2;576;496;EBCBCEBBEDBEBDBDDBACAADEAABADAACBDDEABDBABEEB;EDAAADBABCDAADECBCEABCDCEBCBDADEBEEDAECDBCDAE;AEBADABCDEBDACDACACBBDACEDAECAEAABCBBEAAECAED;EDBDCDBEDBCDACEADEBDDCBDEABDECADCDBBBDDCEACCA;1;DBEABDABDCACDBECDDDBCAAABBACCCADEBECCCEDAEEED;ACEEABAADCDAADEABCDABCDCABCBDADEBAECABADBCDAE;DBABBAEBAAAACDACDEDAACADBADBCCEACCCEAAECBBEBCACEED;BCCDEEABCBEDCEABBEBDABDDADDADECAADDCCBEBEABCC;1;100;160;120;120;40;540;E;C;C;B;3;B;A;B;C;A;A;B;A;A;A;B;A;A;B;A;A;C;A;A;B
210059527730;2023;4;F;1;1;2;1;2;1;;0;;;;;;;;3509502;Campinas;35;SP;0;0;0;0;;;;;;;;;;;;;0;;;;;;;;;;;;C;D;D;B;6;L;A;C;D;B;A;B;B;B;A;A;A;B;C;A;B;E;A;D;B
210061103941;2023;9;F;1;1;1;1;6;1;;0;;;;;;;;3101607;Alfenas;31;MG;1;1;1;1;1221;1193;1204;1211;707;667.6;628.1;816.8;DBEEBBABCCDCDEECDDDCAAAAAEACCCADEBEADCEDAEEAE;ACEAABBBBCDAEDEEBCDAECDCABCBDADEBCECEBADBCDAE;DBABDABCCECDCDAADABBADACDDACCBEAABCBBEBBACEEB;BCCCEEABCBDDCEABCEADABDDCDDDDECACDDCCBEBEACCC;0;DBEABDABDCACDBECDDDBCAAABBACCCADEBECCCEDAEEED;ACEEABAADCDAADEABCDABCDCABCBDADEBAECABADBCDAE;DBABBAEBAAAACDACDEDAACADBADBCCEACCCEAAECBBEBCACEED;BCCDEEABCBEDCEABBEBDABDDADDADECAADDCCBEBEABCC;1;160;180;160;160;160;820;D;G;B;E;4;G;A;B;D;B;A;B;B;B;A;B;A;B;B;A;A;D;A;C;B
210060214082;2023;5;F;1;1;1;1;2;1;;0;;;;;;;;3156700;Sabar�;31;MG;0;0;0;0;;;;;;;;;;;;;0;;;;;;;;;;;;C;B;B;B;3;E;A;B;C;A;A;B;A;B;A;A;A;A;B;A;A;C;A;A;B
210059388088;2023;3;F;1;1;1;1;1;1;;0;;;;;;;;4115200;Maring�;41;PR;1;1;1;1;1223;1194;1203;1213;540.5;632.5;542.8;575.3;CBDCBEBBEADAAEEDDEAABCEDECCDBBCCBECCDCDDBEECC;ABCDCBDADDAEACEACABCDDEACABEADABCBCABBDCDAADE;BABEAAAECBCEBCCABADCAEBDACCBEDCDBBEDDAEDCDCEE;EBDBEEDACBBCCCCDBAACCCBACDEDCEBEAADDACABDBACC;0;CEDAEEDEECCEBADCCCABBABCAACDDDACDBEABDCDBEABD;ABCDCBDACDAEACEECABADBEABADEBAABCDCABADCDAADE;BDBBABAAAEAAECBBEAACAAACEACBCACCCEDEDADBDBEEDDACCC;EBDEEBDADDABCCBCCABBADDBDDAEAEABCBEDECADCECCB;1;160;200;160;180;180;880;E;D;B;B;6;E;A;B;D;D;C;B;A;B;A;B;A;B;C;B;A;E;A;B;B
210059980943;2023;8;F;0;3;1;1;5;1;;0;;;;;;;;2109908;Santa In�s;21;MA;1;1;1;1;1221;1193;1204;1211;494.2;442.8;552.4;382.1;DBEEECEEBAADBDEBBCDACADBAADCEDECBCDBAEADEDABE;ACEEBDBADBCAABEBDAECBAACBDEABCABCDEDABABEBDAC;AACABABBDEBDCDAADADEBDBADBBCCCEAABABEEBADCEED;CCBAEDBADDBBACDCADEDBDBABAABDCECBDBCACCBBECCB;1;DBEABDABDCACDBECDDDBCAAABBACCCADEBECCCEDAEEED;ACEEABAADCDAADEABCDABCDCABCBDADEBAECABADBCDAE;DBABBAEBAAAACDACDEDAACADBADBCCEACCCEAAECBBEBCACEED;BCCDEEABCBEDCEABBEBDABDDADDADECAADDCCBEBEABCC;1;120;140;120;120;120;620;C;D;C;A;4;B;A;B;C;A;A;B;A;A;A;A;A;A;B;A;A;C;A;A;B
210058061535;2023;4;F;1;3;1;1;1;1;;0;;;;;;;;5300108;Bras�lia;53;DF;1;1;1;1;1222;1191;1201;1212;424.9;529.4;512.8;398.6;EADBCBACCEBACCBBDCCABCDBEAEAEBDAEBDEEBCBDCDBB;CACCCCEBBCADCADECEDAABCDCDBADDDECAACDECBCBABB;ACCECCABEEDCCCABDDBDBCEEBDACCDCBCDACDADEBECAD;ECCBACBDCCDACBBDBABADBCABCAEBEACACCDDDCACDACB;1;CAAADCCCCDDDABDCACDBEEEDCEDAEECCDBEABDBABBAEB;CDAEECABAACEAADECBDAABCDCABADCDEABAABCDDEBADB;BBDABAAEBADACEEDCCDBADBDEDCCEBCACEACAACAACACBBEAAE;DCECACCBDECBEEABEABDDAADDABBBCCBCCDDAEBDADEEB;1;120;120;100;120;80;540;F;G;D;D;4;D;A;B;C;B;A;B;B;B;A;B;A;A;B;A;A;B;B;B;B
210059855118;2023;11;M;1;1;1;1;5;1;;0;;;;;;;;1501402;Bel�m;15;PA;0;0;0;0;;;;;;;;;;;;;0;;;;;;;;;;;;E;F;B;D;3;D;A;C;C;A;A;B;A;A;A;A;A;A;C;A;A;D;A;B;B
210058387329;2023;5;F;1;3;1;1;3;1;;0;;;;;;;;3157807;Santa Luzia;31;MG;1;1;1;1;1222;1191;1201;1212;457.9;532.4;520.3;592.4;EBEBEDBADDEBECCCAEEBAEEBBEAADAEEDBDBDADBEBACB;CAEACAEBAAEEAAAEAEDAABEDDDBADCDEEADDCEEEBBDDA;CBCEDDACADDBCCBADAAEACDEADDBDADBBBAAEAEBAEDAE;DBECBDDBDCEEDEABEABDECDDCECBBDCDDDAEDEEBBDBEB;0;CAAADCCCCDDDABDCACDBEEEDCEDAEECCDBEABDBABBAEB;CDAEECABAACEAADECBDAABCDCABADCDEABAABCDDEBADB;BBDABAAEBADACEEDCCDBADBDEDCCEBCACEACAACAACACBBEAAE;DCECACCBDECBEEABEABDDAADDABBBCCBCCDDAEBDADEEB;1;160;200;160;200;200;920;B;E;D;D;5;D;A;D;D;C;A;B;B;B;A;B;A;B;D;A;B;E;B;B;B
210059085132;2023;13;F;0;3;1;1;9;1;;0;;;;;;;;2112209;Timon;21;MA;1;1;1;1;1222;1191;1201;1212;419.4;583.9;526.3;618;EEDBEEBABEEACCCBAECEABDBDDA.DDEDDBDECDAAAEEEA;EDAECBEECACEAADACBDAABCDCCBAECDEADAADEADDABDD;BCAAB.AC.CDACDBADBDABCDABBACDEDDEAAACDDCEEDAB;DDACDEDEBBEBCEAADCBBEECDBAACBCCCCCABDEADAEBEA;0;CAAADCCCCDDDABDCACDBEEEDCEDAEECCDBEABDBABBAEB;CDAEECABAACEAADECBDAABCDCABADCDEABAABCDDEBADB;BBDABAAEBADACEEDCCDBADBDEDCCEBCACEACAACAACACBBEAAE;DCECACCBDECBEEABEABDDAADDABBBCCBCCDDAEBDADEEB;1;120;120;120;120;120;600;B;C;B;B;3;B;A;B;B;A;A;B;A;A;A;A;A;A;A;A;A;C;A;A;B
210060801597;2023;4;F;2;1;1;1;3;1;;0;;;;;;;;3301702;Duque de Caxias;33;RJ;0;0;0;0;;;;;;;;;;;;;1;;;;;;;;;;;;E;E;C;F;5;B;A;B;C;B;A;B;A;B;A;A;A;A;B;A;A;D;A;A;B
210059527731;2023;2;M;1;3;1;3;0;1;;1;;;;;;;;5104807;Jaciara;51;MT;1;1;1;1;1223;1194;1203;1213;576.4;633.3;568.3;644.2;CBDACECECCCBACEBDCADDADEEDAEBBCABBCEBCCEBEDBA;ABCDCBDACDAEACECCABEDAEEBCEEBEEBCECDBADCBAADE;CDBBAAAEDBBEAADACACCAECBAC.EEDCDBEADBEEDDADBD;EEDBCECADDECCCACACBADDABDCEEABCAACCDECBCBEDCD;0;CEDAEEDEECCEBADCCCABBABCAACDDDACDBEABDCDBEABD;ABCDCBDACDAEACEECABADBEABADEBAABCDCABADCDAADE;BDBBABAAAEAAECBBEAACAAACEACBCACCCEDEDADBDBEEDDACCC;EBDEEBDADDABCCBCCABBADDBDDAEAEABCBEDECADCECCB;1;140;140;120;140;140;680;G;D;E;A;2;C;B;B;B;B;B;B;A;B;A;B;A;A;C;A;A;C;A;B;B
210060214083;2023;4;M;1;2;1;1;1;1;;0;;;;;;;;3106200;Belo Horizonte;31;MG;1;1;1;1;1221;1193;1204;1211;511;612.2;547.9;551.2;DBEBBAEEBDBEEDEEACDCACCBAEDCBBAEBBDDABCEAECDB;ACEEAADABCDAADEABBBABCDCEBCBDDDEBECAABDDBCEDA;EBDDCCECCECDADAACADBABACDBAEECCDAECBBEEBAEEEB;CBEDACDCCAAACAACEEADBBCBAAECDBCADDDBDCEDECDCD;0;DBEABDABDCACDBECDDDBCAAABBACCCADEBECCCEDAEEED;ACEEABAADCDAADEABCDABCDCABCBDADEBAECABADBCDAE;DBABBAEBAAAACDACDEDAACADBADBCCEACCCEAAECBBEBCACEED;BCCDEEABCBEDCEABBEBDABDDADDADECAADDCCBEBEABCC;1;120;160;120;120;0;520;E;E;D;D;2;D;A;C;E;A;A;B;A;B;A;B;A;A;C;A;A;C;B;C;B
210059388089;2023;12;M;1;3;1;1;12;1;;0;;;;;;;;2800308;Aracaju;28;SE;0;0;0;0;;;;;;;;;;;;;1;;;;;;;;;;;;D;D;B;B;1;A;A;B;D;A;A;B;A;A;A;A;A;A;B;A;A;B;A;A;B
210059980944;2023;9;F;1;2;1;1;7;1;;0;;;;;;;;2303709;Caucaia;23;CE;0;0;0;0;;;;;;;;;;;;;1;;;;;;;;;;;;A;A;A;A;7;B;A;B;C;A;A;B;A;A;A;A;A;A;B;A;A;D;A;A;A
210058061536;2023;4;F;1;3;1;1;1;1;;0;;;;;;;;1504422;Marituba;15;PA;1;1;1;1;1224;1192;1202;1214;592.9;624;676.4;731.8;CAABCECCDEBEEDDCCAEECACEDABBECDACECCBAEECAEDE;DAAADEBDCDCCBDBCEBEBABADAEAAADACECDADCBDAABAA;BBBDACAEEEDBACBBACAACAADAAAEABBEBBCCADDDADDAC;BBDAADAECEACBABAEACBECBCBDDCCDACCDEBACAABCCDA;0;CDDDABBABDBEABDECCEEEDCEDAEBABDCCAACCCADACDBE;DBAADEADCDCABABCDDEBAEABAECABAACECDAECBDAABCD;BBBDAABAEACCEEEDEACBCACAACAACAAAECBBEDBCCADBDEDDAC;EBDADDAEBEACBEDCECCBEABCADEBCCBCCDEBDDAABBADD;1;160;200;180;140;200;880;E;E;C;B;4;B;A;B;C;A;B;B;A;A;A;A;A;A;C;A;A;D;A;A;B
210061103943;2023;4;F;3;3;1;1;1;1;;0;;;;;;;;3205002;Serra;32;ES;1;1;1;1;1222;1191;1201;1212;474;561;520.3;596.8;DDCEEBCAABBDEABCBEABBCADCEADADAACBECBEEAABEBA;CEAEACDBDDCDABDEBADDABCDEBDADCDAADABCCEBEBADA;CCAABCECADDACBCACCCDDCBDBAECBADABAAEEAEABEBAE;DADBBCCBDCCCCEADDABBDCCDADBACDBECCBEDEAABDCED;0;CAAADCCCCDDDABDCACDBEEEDCEDAEECCDBEABDBABBAEB;CDAEECABAACEAADECBDAABCDCABADCDEABAABCDDEBADB;BBDABAAEBADACEEDCCDBADBDEDCCEBCACEACAACAACACBBEAAE;DCECACCBDECBEEABEABDDAADDABBBCCBCCDDAEBDADEEB;1;180;200;160;200;200;940;F;G;B;D;3;E;A;B;C;A;A;B;B;B;A;A;A;B;B;A;B;D;A;B;B
210060214085;2023;9;F;1;1;1;1;6;1;;0;;;;;;;;3300803;Cachoeiras de Macacu;33;RJ;0;0;0;0;;;;;;;;;;;;;1;;;;;;;;;;;;E;E;B;F;2;D;A;C;C;B;A;B;A;B;A;A;A;B;C;A;A;C;A;B;B
210059388091;2023;5;F;1;3;1;1;3;1;;0;;;;;;;;2304400;Fortaleza;23;CE;0;0;0;0;;;;;;;;;;;;;0;;;;;;;;;;;;E;E;B;B;3;B;A;B;C;A;A;B;A;A;A;A;A;A;B;A;A;D;A;B;B
210059980946;2023;4;F;1;1;1;1;2;1;;0;;;;;;;;1501402;Bel�m;15;PA;1;1;1;1;1224;1192;1202;1214;632;688.4;635.8;709.6;CDCBADBCCDBEABBDCDEDEBCEDDCBABCCDECCAEEBDEEBC;DBAADEABCDCEBABADDEBAAABACCEBAACECDAECBDAABCD;BCBDACAEEEDAAEDBACABDAADAAAECCBEDBCCADBDEDDAC;EBDBDDCEBBAAEDDDECAEBEBCADECCCCCBDDBEDACBADDB;0;CDDDABBABDBEABDECCEEEDCEDAEBABDCCAACCCADACDBE;DBAADEADCDCABABCDDEBAEABAECABAACECDAECBDAABCD;BBBDAABAEACCEEEDEACBCACAACAACAAAECBBEDBCCADBDEDDAC;EBDADDAEBEACBEDCECCBEABCADEBCCBCCDEBDDAABBADD;1;160;200;180;200;200;940;E;G;B;D;5;K;A;B;C;B;A;B;A;A;A;A;A;A;B;A;A;D;A;A;B
210058061538;2023;9;M;1;2;1;1;6;1;;0;;;;;;;;2925758;Presidente Tancredo Neves;29;BA;0;0;0;0;;;;;;;;;;;;;1;;;;;;;;;;;;B;B;B;B;5;A;A;B;C;A;A;B;A;A;A;A;A;A;B;A;A;C;A;A;A
210059855121;2023;3;M;1;1;1;2;0;2;1;0;3550308;S�o Paulo;35;SP;2;1;1;3550308;S�o Paulo;35;SP;1;1;1;1;1222;1191;1201;1212;523.8;576.3;596.5;628.1;AECACDBBCBBBCACBCCEDECACCABEADBEDBEEBCBACBCEC;CEADCCBCEADEABDECEDAABCDCEBEDCBEBAEABCDBEBDDA;BCDABDACADDCCBBADCDCDCAEBBECDABECBAACACCBECAE;DDDEBDCADBCCCDDBBCBAEABDCCBDBCCECCCDEEDCADDEE;0;CAAADCCCCDDDABDCACDBEEEDCEDAEECCDBEABDBABBAEB;CDAEECABAACEAADECBDAABCDCABADCDEABAABCDDEBADB;BBDABAAEBADACEEDCCDBADBDEDCCEBCACEACAACAACACBBEAAE;DCECACCBDECBEEABEABDDAADDABBBCCBCCDDAEBDADEEB;1;120;140;100;120;120;600;C;C;C;B;2;D;A;B;B;A;A;B;A;B;A;A;A;A;B;A;A;B;A;A;B
210058387332;2023;11;F;1;3;1;1;9;1;;0;;;;;;;;3168705;Tim�teo;31;MG;0;0;0;0;;;;;;;;;;;;;1;;;;;;;;;;;;H;H;F;B;2;B;A;B;C;A;B;B;A;B;A;A;A;A;B;A;A;C;A;A;B
210059085135;2023;5;F;1;1;1;1;2;1;;0;;;;;;;;3131307;Ipatinga;31;MG;0;1;1;0;;1192;1202;;;509;443.6;;;DAAADAABCEBEACACDCCAECDBAABECCAEEBDADCAEEADCD;BACAAEEEADADACDDDDCBBBCCBCADBCEABBDCBECDDADAC;;0;;DBAADEADCDCABABCDDEBAEABAECABAACECDAECBDAABCD;BBBDAABAEACCEEEDEACBCACAACAACAAAECBBEDBCCADBDEDDAC;;1;100;160;100;80;100;540;H;E;F;D;5;E;A;B;E;A;A;B;B;B;A;B;A;A;B;A;A;E;B;B;B
210059527734;2023;3;M;1;1;1;1;1;1;;0;;;;;;;;3303203;Nil�polis;33;RJ;1;1;1;1;1221;1193;1204;1211;508;638.5;585;646.5;DBEDCECECACEBABDACBCBDBAEEDCABECBCECDCAEABCAB;DCEEBCAADCBAADEABCDABCDCEBCADADEBCEDABDDBCDAE;ACBCDCAADECDCAAABABBADEECBACCCECAEDBBEBDACAED;BCECBBAEACDDAEABDECDACDEABDBDDADBCDEBBECEACCC;1;DBEABDABDCACDBECDDDBCAAABBACCCADEBECCCEDAEEED;ACEEABAADCDAADEABCDABCDCABCBDADEBAECABADBCDAE;DBABBAEBAAAACDACDEDAACADBADBCCEACCCEAAECBBEBCACEED;BCCDEEABCBEDCEABBEBDABDDADDADECAADDCCBEBEABCC;1;80;160;120;80;120;560;E;E;B;B;3;B;A;B;C;A;A;B;B;B;A;A;A;A;C;A;A;D;A;A;B
210060801600;2023;7;M;1;1;1;1;0;1;;0;;;;;;;;4314407;Pelotas;43;RS;0;0;0;0;;;;;;;;;;;;;1;;;;;;;;;;;;B;E;B;B;3;B;D;B;B;A;A;B;A;B;A;A;A;A;B;A;A;D;A;A;B
210061103944;2023;2;F;1;1;1;2;0;2;1;0;4305108;Caxias do Sul;43;RS;2;1;1;4305108;Caxias do Sul;43;RS;1;1;1;1;1223;1194;1203;1213;496;505.6;520.8;387.4;CEBAACEBEBBBCEACDADABCCBDDCEBACECDBABCEDBDCDD;ABCDAADACBAADCDCEBCEDECEDBBCACEDCABCBADCEBADC;DECBACAEDBEEAEDADBDAABBAABCBEDEAAEABBAEBABDEB;CCDEBACBADDBADEECCBCDABABEDEAACDEDAAEBDCECABD;0;CEDAEEDEECCEBADCCCABBABCAACDDDACDBEABDCDBEABD;ABCDCBDACDAEACEECABADBEABADEBAABCDCABADCDAADE;BDBBABAAAEAAECBBEAACAAACEACBCACCCEDEDADBDBEEDDACCC;EBDEEBDADDABCCBCCABBADDBDDAEAEABCBEDECADCECCB;1;120;100;100;100;100;520;E;E;C;B;5;G;A;C;E;B;A;B;C;B;A;B;A;B;C;B;B;E;B;C;B
210060214086;2023;9;F;1;2;1;1;6;1;;0;;;;;;;;2910800;Feira de Santana;29;BA;1;1;1;1;1221;1193;1204;1211;406.1;425.1;468.5;449.6;EBAAECECDEABAECEEEB.ECADCDCCEAADDAED.DBECEEAA;ADEEECADBDDCDDCBCABABBDBEAABDBCAAACAABAEEBADD;DDBBDBCCEADDCAACDADABEBEBBEECAEAADCEDEAADBECD;AEEABBBDEEBBCADCAEBAAACDABDAEEACCBEBBBACADBCB;1;DBEABDABDCACDBECDDDBCAAABBACCCADEBECCCEDAEEED;ACEEABAADCDAADEABCDABCDCABCBDADEBAECABADBCDAE;DBABBAEBAAAACDACDEDAACADBADBCCEACCCEAAECBBEBCACEED;BCCDEEABCBEDCEABBEBDABDDADDADECAADDCCBEBEABCC;1;120;120;100;120;140;600;C;C;B;B;2;C;A;B;C;A;A;B;A;A;A;B;A;A;B;A;A;C;A;A;B
210059388092;2023;3;F;1;3;1;2;0;2;1;0;2306405;Itapipoca;23;CE;2;1;1;2306405;Itapipoca;23;CE;1;1;1;1;1223;1194;1203;1213;615;620.5;534;645.1;CCDAEEEADCEBBEACBBBBEADCECCBCBCEDEEABDDDBDBCB;ABCDCBDDCDADAAEECDBADCEBBADEBEABCEDABADCDADDE;DCCBEAADBBBEAADABBBAAEBBAACCEDCABDABBADDDAEEB;DBDEEECADEDADDBCDABEADCBDBDEEBEBAADCDCEDCECAC;1;CEDAEEDEECCEBADCCCABBABCAACDDDACDBEABDCDBEABD;ABCDCBDACDAEACEECABADBEABADEBAABCDCABADCDAADE;BDBBABAAAEAAECBBEAACAAACEACBCACCCEDEDADBDBEEDDACCC;EBDEEBDADDABCCBCCABBADDBDDAEAEABCBEDECADCECCB;1;160;200;140;200;180;880;H;E;C;D;5;B;A;A;B;A;A;B;A;A;A;A;A;A;B;A;A;B;A;A;B
210059980947;2023;11;M;1;1;1;1;0;1;;0;;;;;;;;4202404;Blumenau;42;SC;1;1;1;1;1222;1191;1201;1212;501.6;607.3;624.3;634.4;CDCCDBDACABBCACBCCDEDADBCCDCDEEBABCBEBBADBDEA;CEAACCADAACDAADECBDAABCDCEDADCDEACADBEDDBBEDA;BEBABDECBEDCCCBADBDEDCBEBBACEACCADAACACEBECAE;DCDCBCCEDBCAEBCABEBEDDDDBDCCCCCAACADBEDEADCED;0;CAAADCCCCDDDABDCACDBEEEDCEDAEECCDBEABDBABBAEB;CDAEECABAACEAADECBDAABCDCABADCDEABAABCDDEBADB;BBDABAAEBADACEEDCCDBADBDEDCCEBCACEACAACAACACBBEAAE;DCECACCBDECBEEABEABDDAADDABBBCCBCCDDAEBDADEEB;1;140;160;140;120;160;720;C;F;B;B;3;D;A;B;C;A;A;B;A;B;A;A;A;A;B;A;A;D;A;B;B
210059855119;2023;6;F;0;3;1;1;0;1;;0;;;;;;;;1200401;Rio Branco;12;AC;1;1;1;1;1223;1194;1203;1213;369.9;387.1;438.3;360.2;CDACCAAACDECCECDBEACECADEBEEBBCCEDBDAEBEEADBA;ABAAACDECABCDEAABCDBCEECABCDCAECBCBEACEAEEEDA;ACEEDCADACBAADEBBACEDAEBECCEADDBBABDBEDBBADBD;CBDADDCACBDEDDEABAACBEBDBCEDCBEABCDAAEABACACB;1;CEDAEEDEECCEBADCCCABBABCAACDDDACDBEABDCDBEABD;ABCDCBDACDAEACEECABADBEABADEBAABCDCABADCDAADE;BDBBABAAAEAAECBBEAACAAACEACBCACCCEDEDADBDBEEDDACCC;EBDEEBDADDABCCBCCABBADDBDDAEAEABCBEDECADCECCB;1;100;120;100;80;0;400;E;C;D;B;4;C;A;B;D;A;C;B;A;A;B;B;A;A;B;A;A;E;A;B;B
210058387330;2023;4;M;1;3;1;1;1;1;;0;;;;;;;;2613107;S�o Caitano;26;PE;1;1;1;1;1222;1191;1201;1212;495.6;608.3;547.9;616.4;ACCCDDBEEEBBCEBACCEECBABCEDADBDDDBCBBECBACBBA;CDAEDCADACCEAADECBDAAECDBCBAECDEADADBCAEDBDDB;DEEDACADAEDCCDBADDACBBAEBAADAAADABACCABBBECAE;CEECABDECBCDCCABDAADDEDDBEBEBAEBCCBCBEAAADEEC;1;CAAADCCCCDDDABDCACDBEEEDCEDAEECCDBEABDBABBAEB;CDAEECABAACEAADECBDAABCDCABADCDEABAABCDDEBADB;BBDABAAEBADACEEDCCDBADBDEDCCEBCACEACAACAACACBBEAAE;DCECACCBDECBEEABEABDDAADDABBBCCBCCDDAEBDADEEB;1;120;120;120;120;60;540;E;B;B;B;3;B;A;B;D;A;A;B;A;A;A;B;A;A;B;A;A;D;A;A;B
210059085133;2023;11;F;1;1;1;1;10;1;;0;;;;;;;;2303709;Caucaia;23;CE;1;1;1;1;1223;1194;1203;1213;548.4;606.1;617.9;648.2;CDDDBACEECEBBAEBBACABCDCECDECDDEBECCAADEBEECC;ABCDCBDAEDAEAAECCEDADEABACEEBDABAECCBABCDAADE;CDBBADAEDBBEAACAAACEAACBEECAEDCDADDBBAEDDBCCC;CBDCEACACDACECDCBABCBCDBCDBEEBABACDCACCDEDCEE;0;CEDAEEDEECCEBADCCCABBABCAACDDDACDBEABDCDBEABD;ABCDCBDACDAEACEECABADBEABADEBAABCDCABADCDAADE;BDBBABAAAEAAECBBEAACAAACEACBCACCCEDEDADBDBEEDDACCC;EBDEEBDADDABCCBCCABBADDBDDAEAEABCBEDECADCECCB;1;120;120;140;120;80;580;E;B;F;C;6;C;A;B;B;A;B;B;A;A;A;A;A;A;B;A;A;D;A;A;B
210060801598;2023;12;M;1;2;1;1;14;1;;0;;;;;;;;2929503;S�o Sebasti�o do Pass�;29;BA;0;0;0;0;;;;;;;;;;;;;0;;;;;;;;;;;;E;E;D;B;3;C;A;B;C;A;B;B;A;A;A;A;A;A;B;A;A;D;A;B;B
210059527732;2023;12;M;1;3;1;1;12;1;;0;;;;;;;;3170206;Uberl�ndia;31;MG;0;0;0;0;;;;;;;;;;;;;0;;;;;;;;;;;;B;B;B;B;2;B;A;B;C;A;A;B;A;B;A;A;A;A;B;A;A;C;B;A;B
210061103942;2023;3;M;1;1;1;1;1;1;;0;;;;;;;;3302205;Itaperuna;33;RJ;1;1;1;1;1223;1194;1203;1213;466.8;490.6;526.8;484.9;CBBBCABDCDDBBCEDCCDBDDAABAEECACAEBCCBAADBDAEC;ABADCAAADECBACDCABCADAECCBBDADEEEEDDBABCBABAE;CBBBAAAEBBBEAAEADBBBABDBBBABEDDCBBDEBAEDABCBD;EEDCEDCBDCDACDBBEAECDCBBABBBDECADADBDCBBCCDAB;0;CEDAEEDEECCEBADCCCABBABCAACDDDACDBEABDCDBEABD;ABCDCBDACDAEACEECABADBEABADEBAABCDCABADCDAADE;BDBBABAAAEAAECBBEAACAAACEACBCACCCEDEDADBDBEEDDACCC;EBDEEBDADDABCCBCCABBADDBDDAEAEABCBEDECADCECCB;1;120;180;100;120;80;600;E;E;C;F;4;C;A;B;C;B;A;B;A;B;A;A;A;A;B;A;A;E;A;A;B
210060214084;2023;12;M;1;2;1;1;14;1;;0;;;;;;;;1302603;Manaus;13;AM;0;0;0;0;;;;;;;;;;;;;1;;;;;;;;;;;;H;H;A;A;1;B;A;B;B;A;A;B;A;A;A;A;A;A;A;A;A;B;A;B;B
210059388090;2023;14;F;3;3;1;1;0;1;;0;;;;;;;;2806701;S�o Crist�v�o;28;SE;1;1;1;1;1224;1192;1202;1214;466.8;500;475.9;448.7;CABBCACCDEBDEECCDDEBBBCAABBBBECBCEBDCACCBEDED;DCAADDADBDEADABCABDBEEEDBAAAAABBBAAACCCBAAAAA;ABBDAACEAEBCBCABCEBCECCDBCAEBBBBDBCCBDCBCDCAA;EDCADCEEBBDDEDBCCBCBABDDABCBDDCCBDAABCACCCDBC;1;CDDDABBABDBEABDECCEEEDCEDAEBABDCCAACCCADACDBE;DBAADEADCDCABABCDDEBAEABAECABAACECDAECBDAABCD;BBBDAABAEACCEEEDEACBCACAACAACAAAECBBEDBCCADBDEDDAC;EBDADDAEBEACBEDCECCBEABCADEBCCBCCDEBDDAABBADD;1;120;120;120;100;0;460;B;E;B;B;2;C;A;C;C;A;A;B;A;A;A;A;A;A;B;A;A;C;A;A;B
210059980945;2023;4;F;1;3;2;1;2;1;;0;;;;;;;;3304557;Rio de Janeiro;33;RJ;1;1;1;1;1223;1194;1203;1213;505;497.1;543.1;424.6;DDAAEDBEDECBBEBDCBAEBDDDCDCECBCCEEEBCCAEBEBDD;AEAACACACECBDEEBCEBADACCDDEEBEEAAECCDECCACADE;CEBBCAAEBBEEACEABBBAEEBBADCCEECDBDABBAEDDACBB;CBDBCCBAAEDCCDACADDCCCCDBDDDCECCCDCDEBCBDDAEC;0;CEDAEEDEECCEBADCCCABBABCAACDDDACDBEABDCDBEABD;ABCDCBDACDAEACEECABADBEABADEBAABCDCABADCDAADE;BDBBABAAAEAAECBBEAACAAACEACBCACCCEDEDADBDBEEDDACCC;EBDEEBDADDABCCBCCABBADDBDDAEAEABCBEDECADCECCB;1;80;100;100;100;120;500;H;E;F;F;4;E;A;B;B;A;A;B;B;B;B;A;A;A;B;A;A;E;B;B;B
210058061537;2023;4;M;1;3;1;1;1;1;;0;;;;;;;;2927408;Salvador;29;BA;1;1;1;1;1221;1193;1204;1211;542.5;554.1;535.2;638.2;DBBBDCECBCCBEBECAACDDEDAACCCDEEAACDDBCDDACDDB;ACDCEBBBACBEDDEABCAABCBCCBCBDADBBBDDDCADBBD.D;DBDBCCBADECDDDACDADBBCBCDBAECBECABDCBECAECADD;BCDDABCBCEADAEADBEACACBDDAEECBCACDDCBBEDCCADC;0;DBEABDABDCACDBECDDDBCAAABBACCCADEBECCCEDAEEED;ACEEABAADCDAADEABCDABCDCABCBDADEBAECABADBCDAE;DBABBAEBAAAACDACDEDAACADBADBCCEACCCEAAECBBEBCACEED;BCCDEEABCBEDCEABBEBDABDDADDADECAADDCCBEBEABCC;1;120;200;160;200;180;860;E;E;F;D;2;D;A;B;C;A;A;B;B;A;A;B;A;A;B;A;B;C;A;B;B
210059855120;2023;7;M;1;3;1;1;5;1;;0;;;;;;;;2604007;Carpina;26;PE;0;0;0;0;;;;;;;;;;;;;0;;;;;;;;;;;;E;E;C;C;2;A;A;B;C;A;A;B;B;B;A;A;A;A;B;A;A;B;A;A;B
210058387331;2023;7;M;1;1;1;1;4;1;;0;;;;;;;;3160702;Santos Dumont;31;MG;1;1;1;1;1223;1194;1203;1213;594.3;645.9;647.8;587.9;CBDABACCCCDDDECEDADCBDCEECCDBCDBCEECBCCDBEEBD;ABCDCBDACEAEAAEEAABDDEEAADDEABCBCDCABADCDAADE;CDBBCAAECBBEACCAAAAEACBBACCDEDEDADBBBEEDDECDC;ECDAEDEAADACCCBCDCACDDAECBDEADCEAACCDECDDDBDC;0;CEDAEEDEECCEBADCCCABBABCAACDDDACDBEABDCDBEABD;ABCDCBDACDAEACEECABADBEABADEBAABCDCABADCDAADE;BDBBABAAAEAAECBBEAACAAACEACBCACCCEDEDADBDBEEDDACCC;EBDEEBDADDABCCBCCABBADDBDDAEAEABCBEDECADCECCB;1;120;180;120;120;100;640;C;E;B;B;3;C;A;B;C;B;A;B;A;B;A;B;A;B;B;A;A;D;A;B;B
210059085134;2023;2;F;1;1;1;2;0;2;1;0;;;;;;;;4111506;Ivaipor�;41;PR;1;1;1;1;1221;1193;1204;1211;502.3;604.1;573.1;626.1;DBDEEBEECDCEBBEAEBDDAECABBCCBAAEBADEECBBCEBEB;ABEDEDAADCDAADEDBCEABCDCABCBDAABBCEAACEDACEBE;DCABEBAADABDCDAECBDBADCBCEAECAECABDBBECBACEED;CCDCEEBBACBDBABCCEAAADDDDCBDDACAADBACCEDEAABC;0;DBEABDABDCACDBECDDDBCAAABBACCCADEBECCCEDAEEED;ACEEABAADCDAADEABCDABCDCABCBDADEBAECABADBCDAE;DBABBAEBAAAACDACDEDAACADBADBCCEACCCEAAECBBEBCACEED;BCCDEEABCBEDCEABBEBDABDDADDADECAADDCCBEBEABCC;1;160;200;180;180;160;880;E;E;D;B;5;E;A;B;C;B;A;B;A;B;A;A;A;A;B;A;A;D;A;A;A
210060801599;2023;3;M;1;3;1;1;1;1;;0;;;;;;;;2108702;Pio XII;21;MA;1;1;1;1;1224;1192;1202;1214;567.4;608.3;551.1;528.4;CBABCADBCDBEAEDEEDBBAACDDDADCCACEEDAABAEDDCEE;DBAADEBDCBCABABCDCCBCAAADCDABBAAECCAECBBAABCD;CBAEACBEBEDECEBBADAABDACBDAEDBEEBACCCBCDADDCC;BABBDEDDEEADACCADCBBADCAECCCCCBCADCBCCDABCDDE;1;CDDDABBABDBEABDECCEEEDCEDAEBABDCCAACCCADACDBE;DBAADEADCDCABABCDDEBAEABAECABAACECDAECBDAABCD;BBBDAABAEACCEEEDEACBCACAACAACAAAECBBEDBCCADBDEDDAC;EBDADDAEBEACBEDCECCBEABCADEBCCBCCDEBDDAABBADD;1;160;160;160;180;180;840;B;F;A;A;4;A;A;B;C;A;B;B;A;A;A;A;B;A;B;A;A;B;A;A;B
210059527733;2023;3;M;1;2;1;2;0;2;1;0;3205309;Vit�ria;32;ES;2;1;1;3205309;Vit�ria;32;ES;1;1;1;1;1222;1191;1201;1212;615.2;584;594.7;697.1;EEDAEDBBCBBAACBCCCDEEBACCADAEBCBDBEEDAEEBCABA;CBBECAABCDCEDABEABDEABCDCCBEDCDAADACBCDBEBBDA;BBDAEDEEAEEDEBBADCDDDCBEBDACEAAAADAADBCBBEAAE;BBECACBBCDACEEDBEADCDEADAACDBCACCDEDBEACADEEA;0;CAAADCCCCDDDABDCACDBEEEDCEDAEECCDBEABDBABBAEB;CDAEECABAACEAADECBDAABCDCABADCDEABAABCDDEBADB;BBDABAAEBADACEEDCCDBADBDEDCCEBCACEACAACAACACBBEAAE;DCECACCBDECBEEABEABDDAADDABBBCCBCCDDAEBDADEEB;1;120;180;120;120;140;680;H;E;B;B;3;G;A;B;C;A;A;B;A;B;A;B;A;A;D;A;A;D;A;B;B
210058941499;2023;4;M;1;1;1;1;2;1;;0;;;;;;;;1702109;Aragua�na;17;TO;1;1;1;1;1221;1193;1204;1211;460.4;536.4;501.9;646.8;DBDCDBCDDDBECEACEBABEECCEBCEEAEEBCEBECDCBDBAC;CBDDEAAAACDCAEEEBCEABDDEEBCCCAEEACBAABDDACAAA;CEECCCBBCBDDEDAACABBBBBCAEBCCEEDAEDEAECDDCEAB;CCCDCEBBCCBDEDABBEDDAAEDEADDDBCCBDBBCCDEBBABC;1;DBEABDABDCACDBECDDDBCAAABBACCCADEBECCCEDAEEED;ACEEABAADCDAADEABCDABCDCABCBDADEBAECABADBCDAE;DBABBAEBAAAACDACDEDAACADBADBCCEACCCEAAECBBEBCACEED;BCCDEEABCBEDCEABBEBDABDDADDADECAADDCCBEBEABCC;1;160;200;160;160;160;840;C;E;F;B;2;C;A;B;C;A;B;B;A;A;A;A;A;A;B;A;A;C;A;A;B
210059959486;2023;3;F;1;1;1;2;0;2;1;0;2904605;Brumado;29;BA;1;1;1;2904605;Brumado;29;BA;1;1;1;1;1224;1192;1202;1214;447.9;568.2;560.8;639;CEBDECCDEDBDDCECEEACCBDBCCBCEBCBCECDABACDEDEB;DDAADEADCDCDBDCEBCEACAAEABAAEBABDCDCEABDDABCD;DABAACBEAEDBACBBADABBAECAAADEBBEDBBDABCDCDCAD;EABAADDEBDDAABDBAABBDBBCCCDECCACBDEDDDDABACAC;0;CDDDABBABDBEABDECCEEEDCEDAEBABDCCAACCCADACDBE;DBAADEADCDCABABCDDEBAEABAECABAACECDAECBDAABCD;BBBDAABAEACCEEEDEACBCACAACAACAAAECBBEDBCCADBDEDDAC;EBDADDAEBEACBEDCECCBEABCADEBCCBCCDEBDDAABBADD;1;160;180;160;180;160;840;C;C;C;A;4;B;A;B;C;B;A;B;B;A;A;B;A;A;B;A;A;C;A;B;B
210059982324;2023;4;M;1;2;1;1;2;1;;0;;;;;;;;2927408;Salvador;29;BA;0;0;0;0;;;;;;;;;;;;;1;;;;;;;;;;;;E;E;B;B;3;C;A;B;C;A;A;B;A;A;A;B;A;A;B;A;A;D;A;B;B
210060373829;2023;12;F;1;3;2;1;7;1;;0;;;;;;;;2910800;Feira de Santana;29;BA;0;0;0;0;;;;;;;;;;;;;1;;;;;;;;;;;;B;B;A;A;4;B;A;B;B;A;A;B;A;A;B;A;A;A;B;A;A;C;A;B;B
210060440979;2023;11;F;1;2;1;1;4;1;;0;;;;;;;;1500206;Acar�;15;PA;0;0;0;0;;;;;;;;;;;;;0;;;;;;;;;;;;E;E;B;B;5;C;A;B;C;A;A;B;A;A;A;A;A;A;B;A;A;C;A;A;B
210058573821;2023;9;F;2;1;1;1;7;1;;0;;;;;;;;4115804;Medianeira;41;PR;1;1;1;1;1221;1193;1204;1211;544.6;592.3;509.2;464.9;DEEABDABDBDEBECEDEBDDBDDEBDDCAEDBAEDECDDABBAC;ACEEBDAADCDAEDEABCDABCDCDBABDCAABAECADEDACDBD;AEBAABBEEADABDAADBEBBDDBDABBABDAABECBECBECAED;BDACAECACCCBCBEACEADADECBDADDBADBDEBBCECBCDAB;1;DBEABDABDCACDBECDDDBCAAABBACCCADEBECCCEDAEEED;ACEEABAADCDAADEABCDABCDCABCBDADEBAECABADBCDAE;DBABBAEBAAAACDACDEDAACADBADBCCEACCCEAAECBBEBCACEED;BCCDEEABCBEDCEABBEBDABDDADDADECAADDCCBEBEABCC;1;120;120;120;120;120;600;C;C;A;B;2;B;A;B;B;B;A;B;A;B;A;A;A;A;B;A;A;B;A;A;B
210059246977;2023;7;M;1;3;1;1;5;1;;0;;;;;;;;3550308;S�o Paulo;35;SP;1;1;1;1;1224;1192;1202;1214;507;575.8;596.4;579.6;CEBCDBBDCDBEDEAACDACECCBCDBCCCCDEEBBDBDEEECEA;DCAEDEABCBCEDEBCADBBAEABACDABDAADCEADCBDEAECD;BCBDBCCEAEDCADBCBCAACAACADAEDBBBEBCCAEAAEDDAC;BECADACDBEEACEDCDDCBDCAABCDECCDCEDBBDAABBCCDB;0;CDDDABBABDBEABDECCEEEDCEDAEBABDCCAACCCADACDBE;DBAADEADCDCABABCDDEBAEABAECABAACECDAECBDAABCD;BBBDAABAEACCEEEDEACBCACAACAACAAAECBBEDBCCADBDEDDAC;EBDADDAEBEACBEDCECCBEABCADEBCCBCCDEBDDAABBADD;1;140;160;120;140;160;720;D;E;C;B;5;C;A;C;D;A;A;C;A;B;A;C;A;A;C;A;A;E;A;B;B
210061234986;2023;4;F;1;3;1;1;1;1;;0;;;;;;;;1301308;Codaj�s;13;AM;1;0;0;1;1224;;;1214;476.5;;;470.6;EACBEEBBCDBCECBACDEBEABDAABCADDCEDACDCEDA.CEC;;;EEBCADDECDBCCBACBBECBCDBDCEBBCDBADABCDDECDABE;0;CDDDABBABDBEABDECCEEEDCEDAEBABDCCAACCCADACDBE;;;EBDADDAEBEACBEDCECCBEABCADEBCCBCCDEBDDAABBADD;;;;;;;;B;E;A;B;4;A;A;B;B;A;A;B;A;A;A;A;A;A;A;A;A;C;A;A;A
210061337591;2023;11;F;2;3;1;1;8;1;;0;;;;;;;;2927408;Salvador;29;BA;0;0;0;0;;;;;;;;;;;;;1;;;;;;;;;;;;E;E;B;B;2;B;A;B;B;A;A;B;A;A;A;B;A;A;B;A;A;B;A;A;B
210059589782;2023;3;F;1;1;1;1;1;1;;0;;;;;;;;3122306;Divin�polis;31;MG;1;1;1;1;1224;1192;1202;1214;553.3;620.6;571.3;729.1;ABBBAADCEEBEBBADCAEECACDDAECEBBDDDCDDBBBCDDED;DBADDEADCDCABABCABEBAEBBAACECBACECDACABDAABCD;DCBAACCEAEDCAECAACBAEAEDAAAECBBEDDDCACBAEDDAC;EEBAADBEBEBCADDAECECEABCADEACDBCCDCBDDDABDCDC;0;CDDDABBABDBEABDECCEEEDCEDAEBABDCCAACCCADACDBE;DBAADEADCDCABABCDDEBAEABAECABAACECDAECBDAABCD;BBBDAABAEACCEEEDEACBCACAACAACAAAECBBEDBCCADBDEDDAC;EBDADDAEBEACBEDCECCBEABCADEBCCBCCDEBDDAABBADD;1;160;180;180;200;200;920;E;D;D;D;4;C;A;C;C;B;A;B;B;B;A;B;A;A;C;A;A;D;B;A;B
210058941500;2023;5;M;1;3;1;1;0;1;;0;;;;;;;;3550308;S�o Paulo;35;SP;1;1;1;1;1224;1192;1202;1214;601.5;645;603.4;645;CEBDEAECCEBECECDCDEAABCCDABCAACCCAAEBEDAACCEE;DBAADEADCBCABABCDDEBDCABABCEBAAAECDAECCDAABCD;BEBCACBEAEDEACBBACAACAACADAECBBEBDCCBDCACDDEE;EBBACBCEEEBABCBAECBBDDBABACECCCDEDBBEDAABCDDE;0;CDDDABBABDBEABDECCEEEDCEDAEBABDCCAACCCADACDBE;DBAADEADCDCABABCDDEBAEABAECABAACECDAECBDAABCD;BBBDAABAEACCEEEDEACBCACAACAACAAAECBBEDBCCADBDEDDAC;EBDADDAEBEACBEDCECCBEABCADEBCCBCCDEBDDAABBADD;1;160;180;140;160;160;800;C;C;C;B;3;G;A;B;C;A;A;B;A;B;A;B;A;B;D;A;A;D;A;B;B
210059959487;2023;4;F;1;1;1;1;1;1;;0;;;;;;;;4119152;Pinhais;41;PR;1;1;1;1;1222;1191;1201;1212;454.9;503.6;522;350.9;EADCEDCEAEBEDABDBBEDBDEBCABDCEEBCBEBBCDEABCED;CDCEBBDDCEAEDADECBCBACBDDADEBC.AEACCBDEEBDDDB;BADBDAECADDCDDBABCDCDEBBBDACAADBBDADDACABBAAE;CDBDADEEAAABDDEDADABDABAAEACCABCECCADDECBDDDE;0;CAAADCCCCDDDABDCACDBEEEDCEDAEECCDBEABDBABBAEB;CDAEECABAACEAADECBDAABCDCABADCDEABAABCDDEBADB;BBDABAAEBADACEEDCCDBADBDEDCCEBCACEACAACAACACBBEAAE;DCECACCBDECBEEABEABDDAADDABBBCCBCCDDAEBDADEEB;1;100;120;120;100;40;480;B;C;C;B;2;D;A;B;C;A;A;B;A;B;A;A;A;A;B;A;A;C;A;A;B
210059982325;2023;2;F;0;2;2;2;0;2;1;0;3550308;S�o Paulo;35;SP;2;1;1;3550308;S�o Paulo;35;SP;1;1;1;1;1223;1194;1203;1213;0;554;529.6;0;.............................................;ABCDBABACDADACECDDBBDDEEABEAEDABADACBECADAADE;DACDDAAECBEEAABBBEBCCDABACCBEDCDBDEDDEEDDACCA;.............................................;0;CEDAEEDEECCEBADCCCABBABCAACDDDACDBEABDCDBEABD;ABCDCBDACDAEACEECABADBEABADEBAABCDCABADCDAADE;BDBBABAAAEAAECBBEAACAAACEACBCACCCEDEDADBDBEEDDACCC;EBDEEBDADDABCCBCCABBADDBDDAEAEABCBEDECADCECCB;1;100;120;80;60;60;420;B;D;C;B;2;B;A;B;B;A;A;B;B;A;A;B;A;A;B;A;A;A;A;A;B
210060440980;2023;11;F;2;1;1;1;1;1;;0;;;;;;;;3301009;Campos dos Goytacazes;33;RJ;1;1;1;1;1224;1192;1202;1214;531;599.8;573.2;517.8;ADBBCDBEBDBEECBEDBCCABCBAAEBECCDCBADDEEEDCBEE;DBAADECAADECBECCADEBACBDDECACBACDCDCECBDAABCD;ABAEACAEEBDDDCEBACCBBAACACABEBBEDBCBADAACADAC;CDEACDDEEBCDCDCDDBABECDBDCABCCDCCDBACDEDCDDBC;1;CDDDABBABDBEABDECCEEEDCEDAEBABDCCAACCCADACDBE;DBAADEADCDCABABCDDEBAEABAECABAACECDAECBDAABCD;BBBDAABAEACCEEEDEACBCACAACAACAAAECBBEDBCCADBDEDDAC;EBDADDAEBEACBEDCECCBEABCADEBCCBCCDEBDDAABBADD;1;120;140;120;140;100;620;D;E;C;B;4;C;A;B;C;B;A;B;A;B;A;B;A;A;C;A;A;C;A;A;B
210060373830;2023;2;F;1;3;1;2;0;2;1;0;2304400;Fortaleza;23;CE;2;1;1;2304400;Fortaleza;23;CE;1;1;1;1;1223;1194;1203;1213;499.1;546.8;533;534.3;CBDCADCACDABCEAABCEABCCCEBCEBAEACEAEBBDDBACDA;ABCDCEBDCADEECECCEDBDAECADBCBDDBCBEABEBCBAADE;CDBBAAAECBBDCAEEDACBACECABDBEDCDADABCEADCAEBD;EEDCEBADADDBBCACAECEDBCCBDAEADCACAABDBBEDEBEB;0;CEDAEEDEECCEBADCCCABBABCAACDDDACDBEABDCDBEABD;ABCDCBDACDAEACEECABADBEABADEBAABCDCABADCDAADE;BDBBABAAAEAAECBBEAACAAACEACBCACCCEDEDADBDBEEDDACCC;EBDEEBDADDABCCBCCABBADDBDDAEAEABCBEDECADCECCB;1;100;180;140;140;160;720;E;E;F;D;2;B;A;B;C;A;A;B;A;A;A;A;A;A;B;A;A;B;A;A;B
210059527736;2023;5;F;1;1;1;1;2;1;;0;;;;;;;;3106200;Belo Horizonte;31;MG;0;0;0;0;;;;;;;;;;;;;0;;;;;;;;;;;;E;F;D;E;3;F;A;C;D;A;A;B;B;B;A;B;A;A;B;A;A;D;A;B;B
210061103946;2023;3;F;1;3;1;1;1;1;;0;;;;;;;;2933307;Vit�ria da Conquista;29;BA;1;1;1;1;1224;1192;1202;1214;324.4;507.5;431.4;422.4;EDCBBABC.ADABDEBDECCAABBEDBCCECDEBDCBCEBDACCB;DAACAEBBCADDBEDCDCBAABEBABDADDEEDADEACADEABCD;BCAEBBBEEEEDEDDBABBCBDCEACABECBBAEEDDAAABDCBA;EDCDCCDEEBCCACCDACEBDDAECAEDBDDECCEECDCDAAEBA;1;CDDDABBABDBEABDECCEEEDCEDAEBABDCCAACCCADACDBE;DBAADEADCDCABABCDDEBAEABAECABAACECDAECBDAABCD;BBBDAABAEACCEEEDEACBCACAACAACAAAECBBEDBCCADBDEDDAC;EBDADDAEBEACBEDCECCBEABCADEBCCBCCDEBDDAABBADD;6;0;0;0;0;0;0;B;E;C;B;5;B;A;B;D;A;A;B;A;A;A;B;A;A;B;A;A;B;A;B;B
210060214088;2023;3;M;1;3;1;1;1;1;;0;;;;;;;;5000609;Amambai;50;MS;1;1;1;1;1222;1191;1201;1212;527.8;599.5;584.8;343.5;DDDEEACECBBCAACDCEBDABACCDDAEDAEDBDECBACDADEA;CDBDEAEBBACAAADECACAABCDCABADCDEACBABCDCEAEDA;ADDBADECAEDBBCBBDCDEDDAEBBABCACAACAADACCBEAAB;BADABBEBEBCADBBEEDABEECCAAADCDBEDDCDDCAECDBDE;1;CAAADCCCCDDDABDCACDBEEEDCEDAEECCDBEABDBABBAEB;CDAEECABAACEAADECBDAABCDCABADCDEABAABCDDEBADB;BBDABAAEBADACEEDCCDBADBDEDCCEBCACEACAACAACACBBEAAE;DCECACCBDECBEEABEABDDAADDABBBCCBCCDDAEBDADEEB;1;100;120;100;120;120;560;F;E;F;B;4;B;A;B;C;B;A;B;A;A;A;B;A;A;B;A;A;B;A;A;B
210059388093;2023;4;F;1;2;1;2;0;2;1;0;;;;;;;;2905701;Cama�ari;29;BA;1;1;1;1;1223;1194;1203;1213;379.6;498;480.8;430;BCEDDACCCDBBDEBCBECECECEBABBEADCEDBDEDDEBACBD;ABCABEDDDDCECCAECAEDBDAEADBEBDAEDEECEBACCAAEE;ABACEAADBEBEDAEBBADBDBCBADDBEDABBCDDABEDBECBC;CCDBECCABCDCCDBCCDCBBBEADCABDCBECBBCDDCBCBBBA;1;CEDAEEDEECCEBADCCCABBABCAACDDDACDBEABDCDBEABD;ABCDCBDACDAEACEECABADBEABADEBAABCDCABADCDAADE;BDBBABAAAEAAECBBEAACAAACEACBCACCCEDEDADBDBEEDDACCC;EBDEEBDADDABCCBCCABBADDBDDAEAEABCBEDECADCECCB;1;120;120;100;120;80;540;D;D;B;C;2;B;A;B;C;A;A;B;A;B;A;B;A;A;B;A;A;C;A;A;B
210059980949;2023;13;F;1;2;1;1;17;1;;0;;;;;;;;2211001;Teresina;22;PI;1;1;1;1;1223;1194;1203;1213;489;537;509.8;482.2;CBDCBACBEDDDCCADCABEBBADBBEDCBCBCECEBCCDBDDEC;DBCACADACDAEDACBCECCDCAADDACAACDADCABEBCDAADA;DAACAAAEBBBEAECBACBCABDBCCCACDCDBDDDBACDCEABD;ECDBDBCCBECDDDBCBDBACDCCDCDEDCCBDCDCCBECDDCCD;0;CEDAEEDEECCEBADCCCABBABCAACDDDACDBEABDCDBEABD;ABCDCBDACDAEACEECABADBEABADEBAABCDCABADCDAADE;BDBBABAAAEAAECBBEAACAAACEACBCACCCEDEDADBDBEEDDACCC;EBDEEBDADDABCCBCCABBADDBDDAEAEABCBEDECADCECCB;1;140;40;40;100;40;360;D;H;B;F;4;B;A;B;C;A;A;B;A;A;A;A;A;A;A;A;A;B;A;B;B
210058061540;2023;8;M;1;3;1;1;6;1;;0;;;;;;;;1503309;Igarap�-Miri;15;PA;1;1;1;1;1224;1192;1202;1214;482.9;605.9;590.9;610.6;CEBADABCCDBEEEBEADBEACBBADADECCECECDCACDCEDEB;DAABDEADCDCABABEEDCBAEBABECDBADABCDADCBDAABCD;BCBDACDEAEDEADBDECDABAEDAAAEABBEEBBDADCDCDDAD;EDBBADBEDBAACBDCDEDECDBCADAECCACDDCEBCDAACCDB;0;CDDDABBABDBEABDECCEEEDCEDAEBABDCCAACCCADACDBE;DBAADEADCDCABABCDDEBAEABAECABAACECDAECBDAABCD;BBBDAABAEACCEEEDEACBCACAACAACAAAECBBEDBCCADBDEDDAC;EBDADDAEBEACBEDCECCBEABCADEBCCBCCDEBDDAABBADD;1;120;140;120;120;120;620;F;E;D;B;3;C;A;D;D;B;B;B;A;B;A;A;A;A;C;A;A;D;A;B;B
210059855123;2023;4;M;1;1;1;3;0;1;;1;;;;;;;;3304904;S�o Gon�alo;33;RJ;0;0;0;0;;;;;;;;;;;;;0;;;;;;;;;;;;H;E;C;F;4;B;A;C;C;B;B;B;B;B;A;B;A;B;C;A;A;E;A;A;B
210058387334;2023;2;M;1;3;1;2;0;2;1;0;2700300;Arapiraca;27;AL;2;1;1;2700300;Arapiraca;27;AL;1;1;1;1;1224;1192;1202;1214;472.9;502.6;480.3;392.8;AEBADAACADBDAECCCDBCABCBBABABCEBDECCAABBCCECA;DAAAEEABCBBBBACDBBBDBEEDAAAACDACBBACBADBEABCD;CABCAABAEBCCACABACCBBACABAABDBBECEEEBBADADBEC;EDEBDDDCBEDCECBDCCCBACAACAACDDCBCDBCCDACACCCC;0;CDDDABBABDBEABDECCEEEDCEDAEBABDCCAACCCADACDBE;DBAADEADCDCABABCDDEBAEABAECABAACECDAECBDAABCD;BBBDAABAEACCEEEDEACBCACAACAACAAAECBBEDBCCADBDEDDAC;EBDADDAEBEACBEDCECCBEABCADEBCCBCCDEBDDAABBADD;1;100;120;120;100;60;500;D;F;C;A;5;C;A;B;C;A;A;B;A;A;A;A;A;A;B;A;A;C;A;A;A
210059085138;2023;11;M;1;1;1;1;9;1;;0;;;;;;;;5205109;Catal�o;52;GO;1;1;1;1;1224;1192;1202;1214;514;554.9;391.5;391.6;BCBBECBADDBEECBDEAACAACBBABADABDCEAEAAEDDCEAE;DACADECDCADABEBBBBAEEAAECECEABAEECDCDCBBAABCD;CEACBCCEAEDEACBCBBBCCCDDDDBBBAABCBAAABBCCBBBE;EDCACEDBEADBCDBDAECBDAAAEABAADBABEDACDEDACCCA;1;CDDDABBABDBEABDECCEEEDCEDAEBABDCCAACCCADACDBE;DBAADEADCDCABABCDDEBAEABAECABAACECDAECBDAABCD;BBBDAABAEACCEEEDEACBCACAACAACAAAECBBEDBCCADBDEDDAC;EBDADDAEBEACBEDCECCBEABCADEBCCBCCDEBDDAABBADD;1;120;180;100;120;80;600;B;D;A;B;2;C;B;B;C;A;A;B;A;B;A;A;A;A;B;A;A;C;A;B;B
210060801602;2023;3;F;1;3;1;1;1;1;;0;;;;;;;;5201405;Aparecida de Goi�nia;52;GO;0;0;0;0;;;;;;;;;;;;;0;;;;;;;;;;;;E;E;B;C;3;D;A;C;C;B;A;B;B;B;A;B;A;B;B;A;A;D;A;B;B
210061103947;2023;5;F;1;3;1;1;3;1;;0;;;;;;;;2211001;Teresina;22;PI;1;1;1;1;1221;1193;1204;1211;430.8;560.5;561;435.4;DBDADAECADBCACEEBBCCAECDABBEDDBCBAEADEAAECBED;AEECBDAADCDAADECDACABCDCABDBDBBCADEDAEBDDCADE;AEBACABCDADABAACDEDBADCBCBACCAEAAEACBEADCCADD;ADACEBEADBDCAEBCEEDAABCDDBEDDBEBCAEBEBBADADDD;1;DBEABDABDCACDBECDDDBCAAABBACCCADEBECCCEDAEEED;ACEEABAADCDAADEABCDABCDCABCBDADEBAECABADBCDAE;DBABBAEBAAAACDACDEDAACADBADBCCEACCCEAAECBBEBCACEED;BCCDEEABCBEDCEABBEBDABDDADDADECAADDCCBEBEABCC;1;140;200;180;160;160;840;E;C;B;F;5;B;A;B;B;A;A;B;A;A;A;A;A;A;B;A;A;C;A;A;B
210059527737;2023;6;F;2;3;1;1;3;1;;0;;;;;;;;3112307;Capelinha;31;MG;0;0;0;0;;;;;;;;;;;;;1;;;;;;;;;;;;C;E;C;B;2;C;A;B;C;B;A;B;A;B;A;A;A;A;A;A;A;C;A;A;B
210060214089;2023;7;F;1;2;1;3;0;1;;1;;;;;;;;5300108;Bras�lia;53;DF;0;0;0;0;;;;;;;;;;;;;1;;;;;;;;;;;;C;C;C;B;13;B;A;B;D;B;A;B;B;B;A;A;A;A;B;A;A;C;A;B;B
210059388094;2023;3;M;1;3;1;1;1;1;;0;;;;;;;;3136207;Jo�o Monlevade;31;MG;1;1;1;1;1224;1192;1202;1214;567.8;603.8;579.7;687;CECADAADDDBEBECACDEEDCCADCBCBCECBCCDBEBEDDCEE;DCAADEBDCDCEBABCEDBBCDADCBCABDAADCDCDCBDAABCD;BCBABCDEDEBEACBAECABAACCAAAEDBBEDDCEADBAEDCEC;EEDAADDEDEDADEBAECEEBBBCACCACCBCCDCBCDCBAACDC;0;CDDDABBABDBEABDECCEEEDCEDAEBABDCCAACCCADACDBE;DBAADEADCDCABABCDDEBAEABAECABAACECDAECBDAABCD;BBBDAABAEACCEEEDEACBCACAACAACAAAECBBEDBCCADBDEDDAC;EBDADDAEBEACBEDCECCBEABCADEBCCBCCDEBDDAABBADD;1;120;160;120;120;160;680;F;G;D;D;4;I;B;D;E;B;B;B;B;B;B;B;A;B;C;A;A;E;A;D;B
210059980950;2023;13;F;2;2;1;1;17;1;;0;;;;;;;;5300108;Bras�lia;53;DF;0;0;0;0;;;;;;;;;;;;;0;;;;;;;;;;;;B;C;A;B;2;F;A;B;C;A;A;B;A;B;A;B;A;A;B;A;A;C;A;B;A
210059246972;2023;9;M;1;2;1;1;6;1;;0;;;;;;;;2910800;Feira de Santana;29;BA;1;1;1;1;1222;1191;1201;1212;643.2;601.9;629.3;756.1;CECAECCAADCBABCCCEEDEEAACEDACECDEBEECDEADBBBC;DDBDBBEBAACEAADECBDAABCDCABADCDEBADBBCDEEACDA;BBDABDACEEBCEDBADBDDDCAEACECAAEABCAADACBBEDAB;DCECCCCBDEDEEEABEAACCEDDBABDCCDCCDEDBEBDADEEB;0;CAAADCCCCDDDABDCACDBEEEDCEDAEECCDBEABDBABBAEB;CDAEECABAACEAADECBDAABCDCABADCDEABAABCDDEBADB;BBDABAAEBADACEEDCCDBADBDEDCCEBCACEACAACAACACBBEAAE;DCECACCBDECBEEABEABDDAADDABBBCCBCCDDAEBDADEEB;1;160;200;200;200;200;960;E;D;C;B;4;D;A;C;D;C;A;B;A;B;A;A;A;A;C;B;A;E;A;C;B
210061234981;2023;7;M;4;1;1;1;4;1;;0;;;;;;;;2301109;Aracati;23;CE;1;1;1;1;1222;1191;1201;1212;494.5;590.2;617.4;503.4;AADCECDACBCBEABDBEBEADEBCBDADBADEBDBDCBADBCBE;EDBECABBDACEAAEECBCAABCCDABAABAEBECBBCEDEBADE;ADEBDDCAEEDCEBBADCDEDCCEBDACABCABDAACACBBEEAE;CEBABDCBDADDEDACDDCCBEDDCABBBBCDACCDDDDDEDAEE;1;CAAADCCCCDDDABDCACDBEEEDCEDAEECCDBEABDBABBAEB;CDAEECABAACEAADECBDAABCDCABADCDEABAABCDDEBADB;BBDABAAEBADACEEDCCDBADBDEDCCEBCACEACAACAACACBBEAAE;DCECACCBDECBEEABEABDDAADDABBBCCBCCDDAEBDADEEB;1;120;120;120;100;100;560;C;C;B;A;2;B;A;B;C;A;A;B;B;A;A;A;A;A;C;A;A;C;A;B;B
210061327761;2023;4;F;1;2;1;1;1;1;;0;;;;;;;;3301702;Duque de Caxias;33;RJ;1;1;1;1;1222;1191;1201;1212;531.6;573.9;498.8;362;BEABADDACEBBBCEBCCECBCAACADCAEEEDBEEECCAEBEBD;CEEECACBDACEAACECCDAABCDBEBEACAEACACDCDBEBCDD;CDABDCADAEDDBDDAADDADCADCCACBEDDCBAAEAABEECAE;EDADCBABCDACDBAEECAEECABADDCCABDDCEDECBAEACAA;0;CAAADCCCCDDDABDCACDBEEEDCEDAEECCDBEABDBABBAEB;CDAEECABAACEAADECBDAABCDCABADCDEABAABCDDEBADB;BBDABAAEBADACEEDCCDBADBDEDCCEBCACEACAACAACACBBEAAE;DCECACCBDECBEEABEABDDAADDABBBCCBCCDDAEBDADEEB;1;120;120;100;120;60;520;H;C;F;B;4;B;A;C;C;A;A;B;B;A;A;B;A;A;C;B;A;D;A;A;B
210059587846;2023;2;M;1;3;1;2;0;2;1;0;3505708;Barueri;35;SP;3;1;1;3505708;Barueri;35;SP;1;1;1;1;1221;1193;1204;1211;680.2;670.1;684.4;706.5;BBEEDDABDCCCCBECECCCBDBAABACCBADECECBCEDAEAEA;ACEABCEADCDAADEEBCAABCDCABCBDAEEBAEAABADBCDAE;DBABCAECDACDEDAADADBADBCCEACCCEAAECBBEEBACAED;DCCDEEEECBEBCECABEACABACBDDBDEEECDACCBEBEBBCC;0;DBEABDABDCACDBECDDDBCAAABBACCCADEBECCCEDAEEED;ACEEABAADCDAADEABCDABCDCABCBDADEBAECABADBCDAE;DBABBAEBAAAACDACDEDAACADBADBCCEACCCEAAECBBEBCACEED;BCCDEEABCBEDCEABBEBDABDDADDADECAADDCCBEBEABCC;1;180;200;200;200;200;980;E;F;C;D;3;E;A;B;B;A;A;B;B;B;A;B;A;B;B;A;A;C;A;B;B
210058941492;2023;2;F;1;1;1;2;0;2;1;0;4311809;Marau;43;RS;2;1;1;4311809;Marau;43;RS;1;1;1;1;1224;1192;1202;1214;510.7;540.4;563.9;412;ABCCBAADBDBEDDADBBCCEACDDCBCDBCDEEAECBEECABDD;DAAABEADBDCDEEBAAEBABECDAAADDBCCCADBEBADAABCD;BCBAACDAEEDEADBBECCBCABCAAAEDBBECBABBADDEBDAC;BDDBEEDDECADCBECDBEBBDDBCDDECBBDADBCBDEABCBCC;0;CDDDABBABDBEABDECCEEEDCEDAEBABDCCAACCCADACDBE;DBAADEADCDCABABCDDEBAEABAECABAACECDAECBDAABCD;BBBDAABAEACCEEEDEACBCACAACAACAAAECBBEDBCCADBDEDDAC;EBDADDAEBEACBEDCECCBEABCADEBCCBCCDEBDDAABBADD;1;120;200;180;180;200;880;E;E;B;F;2;E;A;D;D;B;A;B;B;B;A;B;A;B;B;A;B;C;A;B;B
